,neuronID,r2_score,adj_r2,mean_squared_error,explained_variance_score,baseline,gamma,model,explained_variance_score_task,task,explained_variance_score_choice,choice,explained_variance_score_visC,visC,explained_variance_score_audC,audC,explained_variance_score_audI,audI,hemi,BerylAcronym,bombcell_class,is_good,ml,ap,dv,presenceRatio,percentageSpikesMissing_gaussian,fractionRPVs_estimatedTauR,signalToNoiseRatio,subject,date,fitID,sessionID,audR_behav,audL_behav,visR_behav,visL_behav,gamma_behav,bias_behav,subject_behav,date_behav,SPL_behav,log_loss_behav
10,neuron_184,0.0221161654298034,0.0119298754863638,55.37345952924449,0.0233975793568966,4.143052354312456,0.5,vis_choice,0.003683807351393,0.3012678143738005,0.0039928782953393,-0.6925643242771199,0.0184792234411288,5.5450185168546575,,,,,-1.0,SCs,good,True,4687.808783182184,9273.53453499329,1291.9562112394908,1.0,9.853770751214183,0.2067385175204978,,AV005,2022-05-12,AV005_2022-05-12_neuron_184,AV005_2022-05-12,0.592463312619491,-1.3221998302630276,8.709942352760994,-6.735373082576218,0.995150003892218,0.0031451070700585,AV005,2022-05-12,high,0.4155649375444094
62,neuron_99,0.075978100964747,0.0663528728497965,323.4419164089566,0.0807756548545335,20.68914393170473,1.5,vis_choice,0.0510102274237165,-9.78434643571004,0.0065456618881518,-1.6311713952580045,0.0301262307907294,21.904869653275952,,,,,-1.0,SCs,good,True,4666.161049955271,9256.868715110915,1515.2821250568593,0.8099173553719008,0.8036952543165166,0.0481980923360709,,AV005,2022-05-12,AV005_2022-05-12_neuron_99,AV005_2022-05-12,0.592463312619491,-1.3221998302630276,8.709942352760994,-6.735373082576218,0.995150003892218,0.0031451070700585,AV005,2022-05-12,high,0.4155649375444094
100,neuron_1010,0.0190499634488734,0.0128151115216416,96.64994726345724,0.022073325791174,11.205220233184535,1.0,aud_ipsi_choice,0.0105538539387629,-1.1613069714951705,0.0012811006927399,-0.5055540003683339,,,,,0.0022655614154915,1.5292751620734495,-1.0,SCs,good,True,4992.27718171531,8909.267476935065,1602.7348904621754,1.0,17.151158821401236,0.0237748275607562,,AV008,2022-03-09,AV008_2022-03-09_neuron_1010,AV008_2022-03-09,3.5436688830187157,-0.9883205346196116,5.479668721896605,-5.816157312777702,1.101539982570183,0.0405874023000933,AV008,2022-03-09,high,0.3702521895971892
104,neuron_1037,0.1150309674355162,0.1112890264944401,177.12335277963788,0.1150695902719953,12.488015340364326,1.0,choice,0.0995513898621799,12.080387048586765,0.0054720174567834,-1.2148056310990167,,,,,,,-1.0,SCs,good,True,4983.546578671616,8921.656706223876,1520.2812101605962,1.0,11.71361088408378,0.029375118008892,,AV008,2022-03-09,AV008_2022-03-09_neuron_1037,AV008_2022-03-09,3.5436688830187157,-0.9883205346196116,5.479668721896605,-5.816157312777702,1.101539982570183,0.0405874023000933,AV008,2022-03-09,high,0.3702521895971892
122,neuron_1127,0.0184923756043957,0.010156854378106,97.8347184103234,0.0184932577547604,8.114073415987566,1.2,vis_choice,-0.0014346378493415,0.3970915663353533,0.0080570830573545,-1.6360286994640525,0.0068793024844148,-6.005929264743731,,,,,-1.0,SCs,good,True,4883.851087255031,9403.2005333175,1463.46721008062,1.0,0.0057211418854286,0.0402020466013188,,AV008,2022-03-09,AV008_2022-03-09_neuron_1127,AV008_2022-03-09,3.5436688830187157,-0.9883205346196116,5.479668721896605,-5.816157312777702,1.101539982570183,0.0405874023000933,AV008,2022-03-09,high,0.3702521895971892
126,neuron_1140,0.3941834609557512,0.3890385221952904,250.49847493818652,0.3955032145002184,19.7781336337424,1.0,vis_choice,-0.0027168594291606,-0.9194802587637056,0.0159291749681754,-2.1246762188184745,0.3545892538936309,73.18422171904199,,,,,-1.0,SCs,good,True,4879.469935066135,9460.95512765019,1261.630540486038,1.0,0.7613624064037094,0.0734925359417691,,AV008,2022-03-09,AV008_2022-03-09_neuron_1140,AV008_2022-03-09,3.5436688830187157,-0.9883205346196116,5.479668721896605,-5.816157312777702,1.101539982570183,0.0405874023000933,AV008,2022-03-09,high,0.3702521895971892
129,neuron_1153,0.1300896012308142,0.1227018271436024,13.327335111113843,0.1301256394098457,0.7263927349151567,1.5,vis_choice,0.0149077182778902,-0.9406707108166834,-9.862303740026944e-05,-0.3125034475976788,0.1023283062426063,6.9676120930541785,,,,,-1.0,SCs,good,True,4891.109220102115,9136.886599728916,1467.8589286717354,1.0,0.1800754824499262,0.1842084277938772,,AV008,2022-03-09,AV008_2022-03-09_neuron_1153,AV008_2022-03-09,3.5436688830187157,-0.9883205346196116,5.479668721896605,-5.816157312777702,1.101539982570183,0.0405874023000933,AV008,2022-03-09,high,0.3702521895971892
130,neuron_1159,0.0150214338128952,0.0108566195795459,0.4187538309804536,0.0153489162116041,0.0119846596356663,1.0,choice,0.0076231933049647,0.0916654230177757,0.0032467610975519,-0.0529915213565829,,,,,,,-1.0,SCs,good,True,4888.231048349674,9143.81724533611,1423.489047418175,0.8045977011494253,4.809913551227929,0.0,,AV008,2022-03-09,AV008_2022-03-09_neuron_1159,AV008_2022-03-09,3.5436688830187157,-0.9883205346196116,5.479668721896605,-5.816157312777702,1.101539982570183,0.0405874023000933,AV008,2022-03-09,high,0.3702521895971892
132,neuron_1162,0.3225285758639183,0.316775103047476,109.75523483476115,0.3226401186899759,8.057480270637202,1.5,vis_choice,0.2068911308095807,11.00221059855802,0.0141143417377848,-1.2772618021915347,0.0700122237850016,28.423170177351142,,,,,-1.0,SCs,good,True,4885.296058543692,9150.990285988932,1379.161906288689,1.0,17.254398511748036,0.252922547643053,,AV008,2022-03-09,AV008_2022-03-09_neuron_1162,AV008_2022-03-09,3.5436688830187157,-0.9883205346196116,5.479668721896605,-5.816157312777702,1.101539982570183,0.0405874023000933,AV008,2022-03-09,high,0.3702521895971892
144,neuron_25,0.094198495276111,0.0865059134950164,31.80011392244188,0.0949166790438985,3.135652726877966,1.4,vis_choice,0.0707453525752693,3.743346596204713,0.0032017489411649,-0.7589040222092507,0.0076955722326206,-4.096938906835205,,,,,1.0,SCm,good,True,7006.799015191422,9182.72229936782,1881.2852581190616,1.0,8.819043091346401,0.0136081716337054,,AV008,2022-03-09,AV008_2022-03-09_neuron_25,AV008_2022-03-09,3.5436688830187157,-0.9883205346196116,5.479668721896605,-5.816157312777702,1.101539982570183,0.0405874023000933,AV008,2022-03-09,high,0.3702521895971892
157,neuron_1006,0.1181058646229155,0.1123668572343444,224.27609506588527,0.1184514078046361,27.26281233871332,1.0,aud_ipsi_choice,0.0704523057354412,9.110702422228176,0.0033379150322605,-0.8779907420903941,,,,,0.014688552719126,5.31261695434564,-1.0,SCm,good,True,4915.014547584559,9248.351222844898,2363.660133425842,1.0,5.214446202037659,0.056963054922107,,AV008,2022-03-10,AV008_2022-03-10_neuron_1006,AV008_2022-03-10,2.8953820572761435,-1.0678979501670205,4.35753951128961,-3.9536736054026007,1.101539982570183,-0.5155489743917953,AV008,2022-03-10,high,0.4143602358476661
158,neuron_1009,0.1425359098737901,0.1369558832569167,107.77476732524671,0.1428594888216324,13.537258316705431,1.0,aud_ipsi_choice,0.0550312395960234,5.758492044883987,0.0021256350038568,-0.8899720148346812,,,,,0.0436744293164923,7.906502246738039,-1.0,SCm,good,True,4911.854673319987,9255.662359504768,2289.084816494407,1.0,9.090951428830696,0.008093535437794,,AV008,2022-03-10,AV008_2022-03-10_neuron_1009,AV008_2022-03-10,2.8953820572761435,-1.0678979501670205,4.35753951128961,-3.9536736054026007,1.101539982570183,-0.5155489743917953,AV008,2022-03-10,high,0.4143602358476661
159,neuron_1011,0.2380542462432812,0.2330958140062526,287.7073768660773,0.2390581674009828,21.07245031911765,1.0,aud_ipsi_choice,0.1754292237838305,17.235236807323524,0.0067850090117115,-1.6511046277093593,,,,,0.010954429823034,3.969889298395356,-1.0,SCs,good,True,5022.42775974925,8711.23978832408,1821.330631530752,1.0,16.778162502161422,0.0064903707139396,,AV008,2022-03-10,AV008_2022-03-10_neuron_1011,AV008_2022-03-10,2.8953820572761435,-1.0678979501670205,4.35753951128961,-3.9536736054026007,1.101539982570183,-0.5155489743917953,AV008,2022-03-10,high,0.4143602358476661
162,neuron_1042,0.0517503049386204,0.0476453279037226,96.29343294739644,0.0519307922589765,11.265580057526355,1.0,choice,0.0297533405142091,3.633853506221679,0.0149034889460319,-1.997647849462364,,,,,,,-1.0,SCm,good,True,4923.037067755003,9068.950102969678,2032.7941214523137,1.0,8.566537850063305,0.0060148512695969,,AV008,2022-03-10,AV008_2022-03-10_neuron_1042,AV008_2022-03-10,2.8953820572761435,-1.0678979501670205,4.35753951128961,-3.9536736054026007,1.101539982570183,-0.5155489743917953,AV008,2022-03-10,high,0.4143602358476661
165,neuron_1047,0.4140022025266904,0.4101887678359748,163.46175026151593,0.4147505604506298,17.200561972270847,1.0,aud_ipsi_choice,0.2573387485378816,17.52715393574219,0.024950188415989,-3.718056414930527,,,,,0.0777601041248169,9.9926907834599,-1.0,SCm,good,True,4919.280488456183,9075.88958228191,1958.2104873038709,1.0,0.069295354645027,0.0053699806821737,,AV008,2022-03-10,AV008_2022-03-10_neuron_1047,AV008_2022-03-10,2.8953820572761435,-1.0678979501670205,4.35753951128961,-3.9536736054026007,1.101539982570183,-0.5155489743917953,AV008,2022-03-10,high,0.4143602358476661
169,neuron_1058,0.3062171523639702,0.3017022965225209,370.1023178583957,0.3062433563150211,26.222342124388778,1.0,aud_ipsi_choice,0.1951505015813022,20.24986489932487,0.0089006697125081,-3.6839681568464018,,,,,0.0350726658793609,10.510468474183671,-1.0,SCm,good,True,4916.9663876341,9080.330728866677,1913.4901768370853,1.0,4.60153115611206e-07,0.0049354932893738,,AV008,2022-03-10,AV008_2022-03-10_neuron_1058,AV008_2022-03-10,2.8953820572761435,-1.0678979501670205,4.35753951128961,-3.9536736054026007,1.101539982570183,-0.5155489743917953,AV008,2022-03-10,high,0.4143602358476661
173,neuron_1068,0.0698816415878957,0.0617936558625731,51.512809166646285,0.0698832967380989,6.958380083208338,0.7,vis_choice,0.0044794545213571,-0.8394026138419557,0.0089989259824654,-1.6392037921390727,0.0516377856495244,5.720641709560661,,,,,-1.0,SCm,good,True,4908.911252462632,9096.685322633744,1764.6039189254338,1.0,15.914045335498384,0.0013550766309236,,AV008,2022-03-10,AV008_2022-03-10_neuron_1068,AV008_2022-03-10,2.8953820572761435,-1.0678979501670205,4.35753951128961,-3.9536736054026007,1.101539982570183,-0.5155489743917953,AV008,2022-03-10,high,0.4143602358476661
175,neuron_1077,0.0146818233307211,0.0104163766784731,71.12129785343569,0.0146820352530153,3.966922339405565,1.0,choice,0.0082645480219517,-1.7964634300353728,0.0058399107642684,-0.7865303379416284,,,,,,,-1.0,SCm,good,True,5021.723398235883,8868.677375027382,1906.703238180992,1.0,0.0077882908854576,0.0,,AV008,2022-03-10,AV008_2022-03-10_neuron_1077,AV008_2022-03-10,2.8953820572761435,-1.0678979501670205,4.35753951128961,-3.9536736054026007,1.101539982570183,-0.5155489743917953,AV008,2022-03-10,high,0.4143602358476661
178,neuron_1096,0.1395352644298709,0.1339357108361392,228.405134989903,0.1395505472533613,12.420395098646798,1.0,aud_ipsi_choice,0.0143552456255117,-4.607220738169861,0.0026465977842916,-2.0168894386025,,,,,0.0797496703818362,12.572865066969795,-1.0,SCm,good,True,4916.184492694536,9081.859261918917,1898.588647396382,1.0,0.0185893851052387,0.1622087551682134,,AV008,2022-03-10,AV008_2022-03-10_neuron_1096,AV008_2022-03-10,2.8953820572761435,-1.0678979501670205,4.35753951128961,-3.9536736054026007,1.101539982570183,-0.5155489743917953,AV008,2022-03-10,high,0.4143602358476661
183,neuron_137,0.0128445523223641,0.0064205472398631,32.2061616486502,0.0128904546575605,1.162494011524036,1.0,aud_ipsi_choice,0.002092504290216,0.2007865997721774,0.0036212143601854,-0.4711678840459647,,,,,0.0034050756350806,0.9890659222869784,1.0,SCm,good,True,6974.2092835309095,8842.98171961774,2767.9854685629048,0.8979591836734694,0.1214095840323392,0.0396007539034125,,AV008,2022-03-10,AV008_2022-03-10_neuron_137,AV008_2022-03-10,2.8953820572761435,-1.0678979501670205,4.35753951128961,-3.9536736054026007,1.101539982570183,-0.5155489743917953,AV008,2022-03-10,high,0.4143602358476661
191,neuron_16,0.02802244176702,0.0216972081993434,53.70312413741394,0.0295103110990939,4.916912918210342,1.0,aud_choice,0.0171037240581731,-1.9442840948443116,0.0013543824692151,-0.5142494551899923,,,0.0041630914546746,0.3990743572969033,,,1.0,SCm,good,True,6809.232401994835,8391.829958020995,2659.15849600516,1.0,0.2965040888914361,0.0598141504456148,,AV008,2022-03-10,AV008_2022-03-10_neuron_16,AV008_2022-03-10,2.8953820572761435,-1.0678979501670205,4.35753951128961,-3.9536736054026007,1.101539982570183,-0.5155489743917953,AV008,2022-03-10,high,0.4143602358476661
204,neuron_22,0.0201289406250801,0.0137523393710135,97.93970785037754,0.0204620982369583,4.981303840540548,1.0,aud_choice,0.0036437495418035,0.7812343714131655,0.0059490506301825,-0.9832610821099024,,,0.0039480776110161,-0.9401357977790232,,,1.0,SCm,good,True,6813.141089969393,8390.952660931503,2584.004232082182,1.0,0.0643811331552557,0.0320846975821176,,AV008,2022-03-10,AV008_2022-03-10_neuron_22,AV008_2022-03-10,2.8953820572761435,-1.0678979501670205,4.35753951128961,-3.9536736054026007,1.101539982570183,-0.5155489743917953,AV008,2022-03-10,high,0.4143602358476661
206,neuron_226,0.0508263172960257,0.0467173403146231,304.74629599432586,0.0509251093685321,32.574304889741164,1.0,choice,0.0322078165489663,6.005284203960785,0.010793579718664,-1.8668394777265755,,,,,,,1.0,SCm,good,True,6974.875895434762,8842.448113571314,2749.994711375812,1.0,7.276039910943699,0.0259210581649904,,AV008,2022-03-10,AV008_2022-03-10_neuron_226,AV008_2022-03-10,2.8953820572761435,-1.0678979501670205,4.35753951128961,-3.9536736054026007,1.101539982570183,-0.5155489743917953,AV008,2022-03-10,high,0.4143602358476661
210,neuron_27,0.0297602766926107,0.0234463522459248,54.99858888700766,0.044847914758153,5.496114641410348,1.0,aud_choice,0.0240906018812152,2.3342592061085385,0.0028687729666564,-0.5385744711181193,,,0.0087281452203538,-1.9930546149414825,,,1.0,SCm,good,True,6818.230567150224,8390.256589948916,2490.0682918724606,1.0,0.5972522260827229,0.0534830267674718,,AV008,2022-03-10,AV008_2022-03-10_neuron_27,AV008_2022-03-10,2.8953820572761435,-1.0678979501670205,4.35753951128961,-3.9536736054026007,1.101539982570183,-0.5155489743917953,AV008,2022-03-10,high,0.4143602358476661
213,neuron_37,0.0117903168755806,0.007512352879371,55.01456187651203,0.0142646631849576,2.28906999041227,1.0,choice,0.0005793161493008,0.1816481355477861,0.0134216344395389,-1.0114247311827944,,,,,,,1.0,SCs,good,True,6914.190889400627,8628.899526351046,1816.7129266103616,1.0,0.0542382928697571,0.1164051803035831,,AV008,2022-03-10,AV008_2022-03-10_neuron_37,AV008_2022-03-10,2.8953820572761435,-1.0678979501670205,4.35753951128961,-3.9536736054026007,1.101539982570183,-0.5155489743917953,AV008,2022-03-10,high,0.4143602358476661
250,neuron_23,0.089507919053676,0.0796112659999117,13.939782677342237,0.0900079116002262,0.9978593348542084,1.5,av_choice,0.0044005920810202,-0.3465906955465518,0.0044609757045317,-0.2707614524193417,0.0764459326235793,8.810336066824267,0.0014381529847113,0.2275482590535906,,,1.0,SCs,good,True,6646.870346153646,9504.777852975389,1270.9418780811363,0.8513513513513513,0.0353669890919228,0.2036584552052853,,AV014,2022-06-13,AV014_2022-06-13_neuron_23,AV014_2022-06-13,2.7813592151135778,-1.3302210854069794,3.156596384919548,-3.130984283995062,0.885618665037805,0.7909364287945395,AV014,2022-06-13,high,0.4253282014586008
257,neuron_6,0.1206184543604226,0.1110599592991229,66.88535684220679,0.1213982897296178,17.51741276301801,1.2,av_choice,0.0413305786796227,-4.062915307593644,0.0028570974903754,-0.2590582259378222,0.0031529738399804,1.677834444309164,0.0456891093171805,3.3447283456947137,,,1.0,SCm,good,True,6549.678912651724,8919.88856383585,1982.249592987739,1.0,1.7210937109453872,0.0263899168748193,,AV014,2022-06-13,AV014_2022-06-13_neuron_6,AV014_2022-06-13,2.7813592151135778,-1.3302210854069794,3.156596384919548,-3.130984283995062,0.885618665037805,0.7909364287945395,AV014,2022-06-13,high,0.4253282014586008
258,neuron_62,0.1944213461942378,0.1874315097186997,77.85628163114654,0.1945463907285726,8.73220783260814,1.0,vis_choice,0.0013430352218387,1.0429133737270782,0.0064600923950485,-0.7924277068049754,0.2046374588748736,31.238461599288247,,,,,1.0,SCm,good,True,6648.054180317699,9108.699214472612,1910.666097892474,1.0,0.7546025066214934,0.0568112310847227,,AV014,2022-06-13,AV014_2022-06-13_neuron_62,AV014_2022-06-13,2.7813592151135778,-1.3302210854069794,3.156596384919548,-3.130984283995062,0.885618665037805,0.7909364287945395,AV014,2022-06-13,high,0.4253282014586008
264,neuron_11,0.4755672617299149,0.4741023658129594,197.7800722900173,0.47767784956429,-1.0880185641326534e-14,1.0,choice,0.3312042303974035,25.113382752904545,0.0058868580838495,-1.3542114106516248,,,,,,,1.0,SCm,good,True,7357.15023339508,8735.308719545414,2942.805510257316,1.0,1.14983565386787,0.0094744655334959,,AV025,2022-11-07,AV025_2022-11-07_neuron_11,AV025_2022-11-07,0.6352842589247579,-0.7141314098154876,3.2553122125612264,-2.4959925109815564,0.565022547377064,-0.1478718530032557,AV025,2022-11-07,low,0.458669703374798
265,neuron_1115,0.0418007499463958,0.0377803335126045,111.31788001875866,0.0418010548818326,10.473514617900417,1.0,aud_choice,0.0240637334131907,3.0592014792327067,0.0025862747078,-0.3913772716906005,,,0.0077025910611877,3.5480225182149496,,,-1.0,SCs,good,True,4108.782719955327,9421.687772094992,1824.4350874905567,1.0,0.1737405951267034,0.0466957268518522,,AV025,2022-11-07,AV025_2022-11-07_neuron_1115,AV025_2022-11-07,0.6352842589247579,-0.7141314098154876,3.2553122125612264,-2.4959925109815564,0.565022547377064,-0.1478718530032557,AV025,2022-11-07,low,0.458669703374798
269,neuron_1150,0.0364308989014997,0.0310327526768582,213.15891132750585,0.0378490456173257,16.97818419867174,1.5,vis_choice,0.0116857945227691,-3.5000004936158664,0.0043221687861725,-0.938731940964694,0.0123619921549565,6.088772375443505,,,,,-1.0,SCm,good,True,4083.288826486901,9412.73642723414,2059.21234075185,0.9707602339181286,8.747530418173355,0.0452265791230462,,AV025,2022-11-07,AV025_2022-11-07_neuron_1150,AV025_2022-11-07,0.6352842589247579,-0.7141314098154876,3.2553122125612264,-2.4959925109815564,0.565022547377064,-0.1478718530032557,AV025,2022-11-07,low,0.458669703374798
271,neuron_1152,0.168952893110747,0.1631250732868391,247.99866368992065,0.1700986405433641,14.522411227660562,1.4,av_choice,0.132103770000673,17.103925020671483,0.0103999306173763,-1.9861570932397183,0.0224861466151785,5.98934331437895,0.0024791708647409,0.9566672774260708,,,-1.0,SCm,good,True,4087.052466139251,9414.374942302931,2019.7809393461475,0.9298245614035088,0.1296258777309766,0.0070773195830681,,AV025,2022-11-07,AV025_2022-11-07_neuron_1152,AV025_2022-11-07,0.6352842589247579,-0.7141314098154876,3.2553122125612264,-2.4959925109815564,0.565022547377064,-0.1478718530032557,AV025,2022-11-07,low,0.458669703374798
276,neuron_1218,0.3703966721504681,0.3686380036369219,64.74382813146211,0.3707563635217769,6.011315417256012,1.0,choice,0.2695459967007684,12.459616668935356,0.0098179345252271,-0.8428357170023943,,,,,,,-1.0,SCm,good,True,3966.095503085016,8978.74511259548,2881.3137990819328,0.912280701754386,7.297871119915134,0.0030137402929244,,AV025,2022-11-07,AV025_2022-11-07_neuron_1218,AV025_2022-11-07,0.6352842589247579,-0.7141314098154876,3.2553122125612264,-2.4959925109815564,0.565022547377064,-0.1478718530032557,AV025,2022-11-07,low,0.458669703374798
279,neuron_1230,0.7127186467993563,0.7115132704922207,559.3620253265042,0.7127739877344337,35.295216835934724,1.0,aud_choice,0.5279877319816179,76.37103255984282,0.0140864402342082,-6.322542062406413,,,0.0017716884863605,1.8725293270023728,,,-1.0,SCm,good,True,3965.311218606448,8982.932153224649,2707.58104384248,0.953216374269006,0.0007716015248071,0.0004759441555098,,AV025,2022-11-07,AV025_2022-11-07_neuron_1230,AV025_2022-11-07,0.6352842589247579,-0.7141314098154876,3.2553122125612264,-2.4959925109815564,0.565022547377064,-0.1478718530032557,AV025,2022-11-07,low,0.458669703374798
285,neuron_13,0.4128892412076618,0.4104258394225192,716.6538786296937,0.419351185155394,0.5350141046023253,1.0,aud_choice,0.2750703475020436,39.407486906554695,0.0198239580253427,-4.924785178812083,,,0.001032301378016,-1.784221565820098,,,1.0,SCm,good,True,7365.18347665608,8737.823473107901,2872.47760314108,1.0,0.0300882706918081,0.0048087668395054,,AV025,2022-11-07,AV025_2022-11-07_neuron_13,AV025_2022-11-07,0.6352842589247579,-0.7141314098154876,3.2553122125612264,-2.4959925109815564,0.565022547377064,-0.1478718530032557,AV025,2022-11-07,low,0.458669703374798
288,neuron_16,0.1128281783263578,0.1091057790745804,20.834507875962863,0.1263507123868369,0.1496162353048742,1.0,aud_ipsi_choice,0.047724965108818,1.8547348570936653,0.0460134657935894,-1.1547201561160758,,,,,0.003547931244365,-0.518522933139932,1.0,SCm,good,True,7461.37440558462,8954.639443898119,2692.500703204468,1.0,0.0003864988165291,0.0070771148410187,,AV025,2022-11-07,AV025_2022-11-07_neuron_16,AV025_2022-11-07,0.6352842589247579,-0.7141314098154876,3.2553122125612264,-2.4959925109815564,0.565022547377064,-0.1478718530032557,AV025,2022-11-07,low,0.458669703374798
290,neuron_19,0.3478233435712204,0.3450869380197711,69.00996521606243,0.3480531054807781,-0.0901100842639603,1.0,aud_ipsi_choice,0.2452298863572715,11.65450178565674,0.0114324214227113,-0.6285988313860535,,,,,0.0016538360659571,0.3122932822285522,1.0,SCm,good,True,7463.233402113514,8955.955488843181,2667.662715844052,1.0,10.995560601840616,0.0087091784325789,,AV025,2022-11-07,AV025_2022-11-07_neuron_19,AV025_2022-11-07,0.6352842589247579,-0.7141314098154876,3.2553122125612264,-2.4959925109815564,0.565022547377064,-0.1478718530032557,AV025,2022-11-07,low,0.458669703374798
291,neuron_2,0.2988329577947256,0.2968743906377277,53.01472412375499,0.3101358435282981,-3.996802888650564e-15,1.0,choice,0.1634413057156326,6.859887211840201,0.09042220030482,-2.285005899798767,,,,,,,1.0,SCm,good,True,7331.9071093585,8726.321538155504,3171.437340596602,1.0,0.0031664154771737,0.0048275963573237,,AV025,2022-11-07,AV025_2022-11-07_neuron_2,AV025_2022-11-07,0.6352842589247579,-0.7141314098154876,3.2553122125612264,-2.4959925109815564,0.565022547377064,-0.1478718530032557,AV025,2022-11-07,low,0.458669703374798
292,neuron_20,0.4538947897317615,0.4516034391991675,478.61854118100825,0.4573441272300037,-0.6789385004635768,1.0,aud_ipsi_choice,0.3093528440668234,36.13678055900063,0.0193476962364028,-3.3554888873277,,,,,0.0019695559924485,2.3529878422929325,1.0,SCm,good,True,7463.233402113514,8955.955488843181,2667.662715844052,1.0,5.828227047643964e-05,0.0032021568897899,,AV025,2022-11-07,AV025_2022-11-07_neuron_20,AV025_2022-11-07,0.6352842589247579,-0.7141314098154876,3.2553122125612264,-2.4959925109815564,0.565022547377064,-0.1478718530032557,AV025,2022-11-07,low,0.458669703374798
293,neuron_21,0.0535512073178927,0.0509074956064901,28.68629096670661,0.0581234120177099,-2.1094237467877974e-15,1.0,choice,0.0268009484453236,1.692386235374805,0.0147801667462975,-0.4623473920429102,,,,,,,1.0,SCm,good,True,7463.853202928344,8956.388480444108,2659.383010588371,1.0,7.539616932198001,0.0188748738074395,,AV025,2022-11-07,AV025_2022-11-07_neuron_21,AV025_2022-11-07,0.6352842589247579,-0.7141314098154876,3.2553122125612264,-2.4959925109815564,0.565022547377064,-0.1478718530032557,AV025,2022-11-07,low,0.458669703374798
294,neuron_22,0.2821323134295401,0.2801270964279467,132.89021528342752,0.2933132825592432,-6.217248937900877e-15,1.0,choice,0.1790696473725294,11.696748293364044,0.0273606567702482,-2.029074577351955,,,,,,,1.0,SCm,good,True,7464.473061326031,8956.818569264691,2651.1032879423383,1.0,9.85583141099866e-05,0.0065652978207679,,AV025,2022-11-07,AV025_2022-11-07_neuron_22,AV025_2022-11-07,0.6352842589247579,-0.7141314098154876,3.2553122125612264,-2.4959925109815564,0.565022547377064,-0.1478718530032557,AV025,2022-11-07,low,0.458669703374798
295,neuron_275,0.2258003547244597,0.2236377858829078,52.46467059042608,0.2291836595496996,-3.996802888650564e-15,1.0,choice,0.1462499388630891,6.766930782187229,0.016527943965758,-0.9188513691531272,,,,,,,1.0,SCm,good,True,7428.482576557614,9177.35256507028,2830.324937980052,1.0,0.3145381728131835,0.2975367418991608,,AV025,2022-11-07,AV025_2022-11-07_neuron_275,AV025_2022-11-07,0.6352842589247579,-0.7141314098154876,3.2553122125612264,-2.4959925109815564,0.565022547377064,-0.1478718530032557,AV025,2022-11-07,low,0.458669703374798
299,neuron_288,0.1077938743791028,0.1053016784974802,30.523549560949625,0.1124565933825406,-6.661338147750939e-16,1.0,choice,0.0622689110314826,2.9476696563764464,0.0152678440432824,-1.0055030616418792,,,,,,,1.0,SCm,good,True,7453.231334932787,9183.465326820144,2609.2422659117665,1.0,11.344570554389575,0.0150715468862941,,AV025,2022-11-07,AV025_2022-11-07_neuron_288,AV025_2022-11-07,0.6352842589247579,-0.7141314098154876,3.2553122125612264,-2.4959925109815564,0.565022547377064,-0.1478718530032557,AV025,2022-11-07,low,0.458669703374798
300,neuron_29,0.059458747591098,0.0555124206579138,49.9763124129245,0.0648330117953223,0.1273424050905718,1.0,aud_ipsi_choice,0.036129097786003,2.6800770920771138,0.0039730113636784,-0.7450076147328671,,,,,0.0013947119637521,-0.4413288254854655,1.0,SCm,good,True,7468.814042222008,8959.749348626337,2593.1407807089017,1.0,6.0628268205706775,0.1169388496627521,,AV025,2022-11-07,AV025_2022-11-07_neuron_29,AV025_2022-11-07,0.6352842589247579,-0.7141314098154876,3.2553122125612264,-2.4959925109815564,0.565022547377064,-0.1478718530032557,AV025,2022-11-07,low,0.458669703374798
302,neuron_30,0.183952250413298,0.1816727874256256,29.433154884592383,0.1917092228210736,-3.996802888650564e-15,1.0,choice,0.1114242248210722,4.053228384234264,0.0222188011849401,-1.0536599768108714,,,,,,,1.0,SCm,good,True,7468.814042222008,8959.749348626337,2593.1407807089017,1.0,0.0005679789844448,0.0,,AV025,2022-11-07,AV025_2022-11-07_neuron_30,AV025_2022-11-07,0.6352842589247579,-0.7141314098154876,3.2553122125612264,-2.4959925109815564,0.565022547377064,-0.1478718530032557,AV025,2022-11-07,low,0.458669703374798
306,neuron_32,0.2090193470232551,0.2068099038585156,39.92531934964702,0.2185606756913651,-4.218847493575595e-15,1.0,choice,0.1220991751652365,4.932944250746064,0.0376411154231948,-1.2428277207503815,,,,,,,1.0,SCm,good,True,7469.434465783916,8960.15656052444,2584.859943815861,1.0,0.0088399988697029,0.0195667853759292,,AV025,2022-11-07,AV025_2022-11-07_neuron_32,AV025_2022-11-07,0.6352842589247579,-0.7141314098154876,3.2553122125612264,-2.4959925109815564,0.565022547377064,-0.1478718530032557,AV025,2022-11-07,low,0.458669703374798
307,neuron_36,0.4810936245952057,0.4789163950480528,276.0260436824559,0.4842204753975367,-0.7523533952690187,1.0,aud_ipsi_choice,0.3286885712429493,29.021013456272826,0.0250692852791053,-2.5028611800467484,,,,,0.0042199330579808,2.6074208355646853,1.0,SCm,good,True,7471.916943920543,8961.75656125878,2551.734992471021,1.0,0.5765983607452174,0.0040368624508072,,AV025,2022-11-07,AV025_2022-11-07_neuron_36,AV025_2022-11-07,0.6352842589247579,-0.7141314098154876,3.2553122125612264,-2.4959925109815564,0.565022547377064,-0.1478718530032557,AV025,2022-11-07,low,0.458669703374798
308,neuron_49,0.0640429376702069,0.0614285324681684,9.920422752647,0.0753711896852602,-8.881784197001252e-16,1.0,choice,0.0392243868423213,1.141951926122833,0.0083531334572332,-0.5377223188720794,,,,,,,1.0,SCm,good,True,7426.831676842807,8925.669032174123,3158.5895619986536,1.0,12.48417248575806,0.2320989556058937,,AV025,2022-11-07,AV025_2022-11-07_neuron_49,AV025_2022-11-07,0.6352842589247579,-0.7141314098154876,3.2553122125612264,-2.4959925109815564,0.565022547377064,-0.1478718530032557,AV025,2022-11-07,low,0.458669703374798
311,neuron_57,0.0584259638344132,0.0557958687613249,3.910170649767127,0.0609759854771467,-5.551115123125784e-16,1.0,choice,0.0307456280168257,0.7170485218723126,0.0127944870595302,-0.199137429943094,,,,,,,1.0,SCm,good,True,7371.774742465126,8739.772550398699,2815.476379400038,1.0,0.0870691409032065,0.2764099616767574,,AV025,2022-11-07,AV025_2022-11-07_neuron_57,AV025_2022-11-07,0.6352842589247579,-0.7141314098154876,3.2553122125612264,-2.4959925109815564,0.565022547377064,-0.1478718530032557,AV025,2022-11-07,low,0.458669703374798
312,neuron_58,0.1232453992991989,0.1207963641017108,21.952707570822817,0.1306617588420811,-1.7763568394002505e-15,1.0,choice,0.0586789623996327,2.3069699638220853,0.0411197025211368,-0.8827144610167359,,,,,,,1.0,SCm,good,True,7374.827340159964,8740.641524675175,2789.2714669371426,1.0,3.372978494512901,0.0334095482722989,,AV025,2022-11-07,AV025_2022-11-07_neuron_58,AV025_2022-11-07,0.6352842589247579,-0.7141314098154876,3.2553122125612264,-2.4959925109815564,0.565022547377064,-0.1478718530032557,AV025,2022-11-07,low,0.458669703374798
313,neuron_59,0.0371461349759918,0.0344565990401706,3.429710591641609,0.0394284314921029,-5.273559366969495e-16,1.0,choice,0.0177190288012448,0.4865155511724251,0.010882371128115,-0.1412414898862799,,,,,,,1.0,SCm,good,True,7376.358691670659,8741.06952078681,2776.169283160288,0.9642857142857144,1.4985375551557212e-05,0.0,,AV025,2022-11-07,AV025_2022-11-07_neuron_59,AV025_2022-11-07,0.6352842589247579,-0.7141314098154876,3.2553122125612264,-2.4959925109815564,0.565022547377064,-0.1478718530032557,AV025,2022-11-07,low,0.458669703374798
314,neuron_64,0.0890825806236969,0.0865381185583998,8.432006870899055,0.093443793293231,-1.1102230246251563e-15,1.0,choice,0.0484974772465441,1.333938861477237,0.0164591469436921,-0.6002314812441767,,,,,,,1.0,SCm,good,True,7391.840515942989,8745.109180230049,2645.160716297563,1.0,9.086063013086233e-08,0.104353169244958,,AV025,2022-11-07,AV025_2022-11-07_neuron_64,AV025_2022-11-07,0.6352842589247579,-0.7141314098154876,3.2553122125612264,-2.4959925109815564,0.565022547377064,-0.1478718530032557,AV025,2022-11-07,low,0.458669703374798
316,neuron_83,0.293750956212558,0.2917781935204142,44.70213699146287,0.2988312495358652,3.552713678800501e-15,1.0,choice,0.1893900421722156,7.352118032880999,0.0281715042851138,-1.029286785578454,,,,,,,1.0,SCm,good,True,7425.15366561057,9176.742695989758,2888.217003133924,1.0,0.0017077335358495,0.0792656446610407,,AV025,2022-11-07,AV025_2022-11-07_neuron_83,AV025_2022-11-07,0.6352842589247579,-0.7141314098154876,3.2553122125612264,-2.4959925109815564,0.565022547377064,-0.1478718530032557,AV025,2022-11-07,low,0.458669703374798
341,neuron_1208,0.2345158988578508,0.2314354799397737,140.88953591264436,0.2383710237833154,16.52236652236653,1.0,choice,0.1996558845179638,13.134568721160898,0.0317250135242719,-3.782809369401537,,,,,,,-1.0,SCm,good,True,4097.325891163237,8938.638796758385,2383.5031047040056,1.0,3.491614635279483,0.0282130772241994,,AV030,2022-12-09,AV030_2022-12-09_neuron_1208,AV030_2022-12-09,2.1498953254387483,-1.3642742472334086,2.8217787031641377,-2.561653536466753,0.9703850277427386,-0.1146499537638588,AV030,2022-12-09,low,0.4359719342756548
359,neuron_100,0.0750558797510688,0.0686915853456863,121.40086582509132,0.0777552682882054,22.335995868874488,1.0,aud_ipsi_choice,0.0594270230631527,-6.01526630685761,0.0128197281245554,-1.3534853096956252,,,,,0.0021793578258184,-1.5146640580891475,1.0,SCm,good,True,6566.570440161862,9191.383907184354,2539.080016614748,1.0,0.0174887363736497,0.0211998158222076,,AV034,2022-12-07,AV034_2022-12-07_neuron_100,AV034_2022-12-07,2.340493785878257,-1.0370014559557676,3.885127220385813,-2.389818916960193,0.7187791026170067,-0.6387121217257058,AV034,2022-12-07,low,0.3971734783092734
367,neuron_205,0.2335797830702269,0.2300721390568183,280.5594942305263,0.233582731854221,43.316624895572325,1.0,choice,0.2447168330898103,-30.285054032931967,0.0140230674928745,-2.943851564394848,,,,,,,1.0,SCm,good,True,6468.197019071813,8971.380504336688,2809.7833492842537,0.903846153846154,14.435902447198368,0.0057267299702852,,AV034,2022-12-07,AV034_2022-12-07_neuron_205,AV034_2022-12-07,2.340493785878257,-1.0370014559557676,3.885127220385813,-2.389818916960193,0.7187791026170067,-0.6387121217257058,AV034,2022-12-07,low,0.3971734783092734
369,neuron_209,0.0410446140339569,0.0366558021988721,217.56002111313595,0.0415631493292469,17.846700083542192,1.0,choice,0.0328352388849503,5.122012019295516,0.0026965465199076,-1.916080523890363,,,,,,,1.0,SCm,good,True,6469.439580842783,8969.302430282542,2779.881226891805,1.0,8.663682508069925e-05,0.0152431697319482,,AV034,2022-12-07,AV034_2022-12-07_neuron_209,AV034_2022-12-07,2.340493785878257,-1.0370014559557676,3.885127220385813,-2.389818916960193,0.7187791026170067,-0.6387121217257058,AV034,2022-12-07,low,0.3971734783092734
384,neuron_106,0.3360446615670927,0.3299533281869742,875.0226308414731,0.3360453890333775,28.496040662666235,0.5,vis_choice,0.0321112980574775,21.019508709618425,0.00530770880833,-10.505248163383609,0.2906787360834001,53.50161429206464,,,,,1.0,SCs,good,True,6532.155576485164,9070.014559204055,1563.4626079082468,1.0,8.45225221057515,0.1646070630322331,,AV034,2022-12-08,AV034_2022-12-08_neuron_106,AV034_2022-12-08,1.6485058007580682,-1.0564724473386196,4.931368612357975,-2.5372116179902244,0.7187791026170067,0.2012491355435551,AV034,2022-12-08,low,0.4082930919454294
386,neuron_12,0.0128856096521875,0.0061090806566648,25.921470384713963,0.0129842892915441,4.743702436493755,1.0,aud_ipsi_choice,0.0043303525019183,0.8785097957953578,0.0035406897111907,-0.8290165991916884,,,,,0.0047782628370717,-0.4471751810684598,1.0,SCm,good,True,6485.646189315882,8862.623220459223,1828.922384021878,1.0,0.4220491787974234,0.0109731254227539,,AV034,2022-12-08,AV034_2022-12-08_neuron_12,AV034_2022-12-08,1.6485058007580682,-1.0564724473386196,4.931368612357975,-2.5372116179902244,0.7187791026170067,0.2012491355435551,AV034,2022-12-08,low,0.4082930919454294
388,neuron_132,0.018702203747287,0.0142213918922518,123.25060507068416,0.0188288443339449,8.840066638900455,1.0,choice,0.0044294964607322,-1.6795599943821875,0.0123927410066992,-1.678779069767443,,,,,,,1.0,SCs,good,True,6527.211491027679,9052.255644350404,1466.928384071114,1.0,0.2044265636608755,0.0222981828966715,,AV034,2022-12-08,AV034_2022-12-08_neuron_132,AV034_2022-12-08,1.6485058007580682,-1.0564724473386196,4.931368612357975,-2.5372116179902244,0.7187791026170067,0.2012491355435551,AV034,2022-12-08,low,0.4082930919454294
424,neuron_0,0.0178351332482156,0.0150684716517317,9.197662154993491,0.0219079350908951,1.0772833723653328,1.0,choice,0.0009065605256857,0.1341230048573671,0.0203404635126442,-0.519643185459511,,,,,,,1.0,SCs,good,True,6557.139700026422,9031.39599046638,1651.1662537839168,0.9937888198757764,0.5790273832992687,0.0334386019507675,,FT032,2021-12-13,FT032_2021-12-13_neuron_0,FT032_2021-12-13,4.503604426628077,-0.6788758765661681,5.654184050558685,-4.635909135459783,1.331273798769107,-0.601115736903363,FT032,2021-12-13,high,0.3822613805332722
427,neuron_11,0.0195080351134478,0.0139685324869701,21.621725906537847,0.0217288298359001,3.243660466024808,1.5,vis_choice,0.0067337424008014,0.96093691556988,0.0050644640136376,-0.2282120837094632,0.0054045907880276,-1.1634571242363478,,,,,1.0,SCs,good,True,6553.897144840219,9031.416160575574,1603.1725040224155,1.0,1.846633433911804,0.038383610334845,,FT032,2021-12-13,FT032_2021-12-13_neuron_11,FT032_2021-12-13,4.503604426628077,-0.6788758765661681,5.654184050558685,-4.635909135459783,1.331273798769107,-0.601115736903363,FT032,2021-12-13,high,0.3822613805332722
443,neuron_218,0.2212818449761595,0.2190882727084867,216.93451068771367,0.2265832636270844,58.71194379391081,1.0,choice,0.1372110683227404,-14.509030968549236,0.0076154692029329,-1.1688072912562717,,,,,,,1.0,SCs,good,True,6998.591518264627,8909.804292365612,1838.8512829185047,1.0,0.001742480358946,0.0129343004951221,,FT032,2021-12-13,FT032_2021-12-13_neuron_218,FT032_2021-12-13,4.503604426628077,-0.6788758765661681,5.654184050558685,-4.635909135459783,1.331273798769107,-0.601115736903363,FT032,2021-12-13,high,0.3822613805332722
456,neuron_111,0.0214034705032221,0.0167655722591615,130.9931753868854,0.0244585412333172,19.561997981843064,1.0,aud_choice,0.0092559918666037,-2.8626992478518183,0.0011880440173183,-0.2054600456798438,,,0.0069220799315622,1.4652783905129592,,,1.0,SCm,good,True,6997.450803826485,8929.14688439645,2271.19714687277,1.0,8.893996650272129e-11,0.0154706090341738,,FT032,2021-12-14,FT032_2021-12-14_neuron_111,FT032_2021-12-14,4.170123870015186,-0.0876800479433652,2.922941046818495,-4.114392127167132,1.331273798769107,-0.6026386921286875,FT032,2021-12-14,high,0.4431756980865703
457,neuron_112,0.0226729285049117,0.0195898778061891,10.589886961567297,0.0230026190368248,1.4143094841930124,1.0,choice,0.0114679225335732,0.7348650441088822,0.005434022171186,-0.1276111859838238,,,,,,,1.0,SCm,good,True,6998.769739874925,8926.966945724931,2230.050330219529,1.0,3.5920765695252044e-06,0.0285870491203574,,FT032,2021-12-14,FT032_2021-12-14_neuron_112,FT032_2021-12-14,4.170123870015186,-0.0876800479433652,2.922941046818495,-4.114392127167132,1.331273798769107,-0.6026386921286875,FT032,2021-12-14,high,0.4431756980865703
458,neuron_138,0.1198748153501152,0.1143044027890399,58.05674724156329,0.1304827584342826,7.777831913501626,1.3,vis_choice,0.0850716692877117,5.823776379621959,0.0157534246330833,-0.5978633077546562,0.0033269376036758,-2.3371120846712774,,,,,1.0,SCm,good,True,6786.2042218005045,8976.749551226938,2754.8756855759,1.0,2.4039821411303564e-05,0.0038177754549735,,FT032,2021-12-14,FT032_2021-12-14_neuron_138,FT032_2021-12-14,4.170123870015186,-0.0876800479433652,2.922941046818495,-4.114392127167132,1.331273798769107,-0.6026386921286875,FT032,2021-12-14,high,0.4431756980865703
466,neuron_159,0.1558590277766782,0.1531961225015259,792.0197060474505,0.1704585525294181,78.1673401473735,1.0,choice,0.1188951325544411,24.67587437900354,0.0023637308203282,-1.6880354736234295,,,,,,,1.0,SCm,good,True,6538.150552029927,9074.3358708768,2799.0988004071883,1.0,3.059983472203398,0.0577114668034353,,FT032,2021-12-14,FT032_2021-12-14_neuron_159,FT032_2021-12-14,4.170123870015186,-0.0876800479433652,2.922941046818495,-4.114392127167132,1.331273798769107,-0.6026386921286875,FT032,2021-12-14,high,0.4431756980865703
474,neuron_219,0.1273937005727734,0.1232581256939714,126.46082022578224,0.1274705400769769,9.070918273941697,1.0,aud_choice,0.0723638368112634,6.395519572012802,0.0049195761515056,-1.350521194376905,,,0.0071072414671142,1.9781510951409305,,,1.0,SCm,good,True,6564.919049823167,9047.909896457735,2319.443235112875,1.0,0.0098652611517424,0.0549425454277629,,FT032,2021-12-14,FT032_2021-12-14_neuron_219,FT032_2021-12-14,4.170123870015186,-0.0876800479433652,2.922941046818495,-4.114392127167132,1.331273798769107,-0.6026386921286875,FT032,2021-12-14,high,0.4431756980865703
479,neuron_3,0.0404753893030945,0.0359278792997916,21.50169751619275,0.0416966076743204,1.7936658558377636,1.0,aud_choice,0.013768766391396,0.8173804194996919,0.0067295303086281,-0.3607467980981494,,,0.0035719137386657,-0.6243569724804723,,,1.0,SCm,good,True,6808.942813661537,8941.843878130187,2227.930982930567,0.8632478632478633,7.206077291719826,0.161691514330133,,FT032,2021-12-14,FT032_2021-12-14_neuron_3,FT032_2021-12-14,4.170123870015186,-0.0876800479433652,2.922941046818495,-4.114392127167132,1.331273798769107,-0.6026386921286875,FT032,2021-12-14,high,0.4431756980865703
